insert into t_groups (ID, VERSION, NAME) values (1, 1, 'Grupo A');
insert into t_groups (ID, VERSION, NAME) values (2, 1, 'Grupo B');
insert into t_groups (ID, VERSION, NAME) values (3, 1, 'Grupo C');
insert into t_groups (ID, VERSION, NAME) values (4, 1, 'Grupo D');

insert into t_countries (ID, VERSION, NAME, GROUP_ID, ICON_PATH) values (1, 1, 'República Checa', 1, 'Czech_Republic.png');
insert into t_countries (ID, VERSION, NAME, GROUP_ID, ICON_PATH) values (2, 1, 'Grecia', 1, 'Greece.png');
insert into t_countries (ID, VERSION, NAME, GROUP_ID, ICON_PATH) values (3, 1, 'Polonia', 1, 'Poland.png');
insert into t_countries (ID, VERSION, NAME, GROUP_ID, ICON_PATH) values (4, 1, 'Rusía', 1, 'Russian_Federation.png');
insert into t_countries (ID, VERSION, NAME, GROUP_ID, ICON_PATH) values (5, 1, 'Dinamarca', 2, 'Denmark.png');
insert into t_countries (ID, VERSION, NAME, GROUP_ID, ICON_PATH) values (6, 1, 'Alemania', 2, 'Germany.png');
insert into t_countries (ID, VERSION, NAME, GROUP_ID, ICON_PATH) values (7, 1, 'Holanda', 2, 'Netherlands.png');
insert into t_countries (ID, VERSION, NAME, GROUP_ID, ICON_PATH) values (8, 1, 'Portugal', 2, 'Portugal.png');
insert into t_countries (ID, VERSION, NAME, GROUP_ID, ICON_PATH) values (9, 1, 'Croacia', 3, 'Croatia.png');
insert into t_countries (ID, VERSION, NAME, GROUP_ID, ICON_PATH) values (10, 1, 'España', 3, 'Spain.png');
insert into t_countries (ID, VERSION, NAME, GROUP_ID, ICON_PATH) values (11, 1, 'Irlanda', 3, 'Ireland.png');
insert into t_countries (ID, VERSION, NAME, GROUP_ID, ICON_PATH) values (12, 1, 'Italia', 3, 'Italy.png');
insert into t_countries (ID, VERSION, NAME, GROUP_ID, ICON_PATH) values (13, 1, 'Inglaterra', 4, 'England.png');
insert into t_countries (ID, VERSION, NAME, GROUP_ID, ICON_PATH) values (14, 1, 'Francia', 4, 'France.png');
insert into t_countries (ID, VERSION, NAME, GROUP_ID, ICON_PATH) values (15, 1, 'Suecia', 4, 'Sweden.png');
insert into t_countries (ID, VERSION, NAME, GROUP_ID, ICON_PATH) values (16, 1, 'Ucrania', 4, 'Ukraine.png');


insert into t_users (ID, VERSION, EMAIL, password) values (1, 5, 'jmbesada@qwi-ti.com', '525700');
insert into t_users (ID, VERSION, EMAIL, password) values (2, 5, 'portiz@gmail.com', 'portiz@gmail.com');
insert into t_users (ID, VERSION, EMAIL, password) values (3, 6, 'antonio.urbano@qwi-ti.com', 'comidagratis');
insert into t_users (ID, VERSION, EMAIL, password) values (4, 5, 'demo', 'demo');
insert into t_users (ID, VERSION, EMAIL, password) values (5, 5, 'daniel.gomez@qwi-ti.com', 'daniel.gomez@qwi-ti.com');
insert into t_users (ID, VERSION, EMAIL, password) values (6, 5, 'gaspar.hernandez@qwi-ti.com', 'gaspar.hernandez@qwi-ti.com');
insert into t_users (ID, VERSION, EMAIL, password) values (7, 6, 'jlopez@qwi-ti.com', 'jl0p3z');
insert into t_users (ID, VERSION, EMAIL, password) values (8, 6, 'mgarcia@qwi-ti.com', 'mg4rc14');
insert into t_users (ID, VERSION, EMAIL, password) values (9, 5, 'mmarugan@qwi-ti.com', 'mmarugan@qwi-ti.com');
insert into t_users (ID, VERSION, EMAIL, password) values (10, 5, 'raquel.plaza@qwi-ti.com', 'raquel.plaza@qwi-ti.com');
insert into t_users (ID, VERSION, EMAIL, password) values (11, 5, 'smontoiro@qwi-ti.com', 'smontoiro@qwi-ti.com');
insert into t_users (ID, VERSION, EMAIL, password) values (12, 5, 'susana.montero@qwi-ti.com', 'susana.montero@qwi-ti.com');
insert into t_users (ID, VERSION, EMAIL, password) values (13, 5, 'jorge.montero@qwi-ti.com', 'jorge.montero@qwi-ti.com');
insert into t_users (ID, VERSION, EMAIL, password) values (14, 5, 'jbesada@qwi-ti.com', 'jbesada@qwi-ti.com');
insert into t_users (ID, VERSION, EMAIL, password) values (15, 5, 'gplaza@qwi-ti.com', 'gplaza@qwi-ti.com');

